{
    "name": "UpdatedSimulation",
    "global_plot_mode": "local",
    "time_step": 1e-11,
    "sim_time": 24e-6,
    "clk": {
        "k_vco": 20e6,
        "fo": 0,
        "white_phase_noise_spectral_density": 0,
        "low_frequency_phase_noise": 0
    },
    "vco": {
        "k_vco": 1e9,
        "fo": 1000e6,
        "white_phase_noise_spectral_density": 0,
        "low_frequency_phase_noise": 0
    },
    "divider": {
        "n": 60
    },
    "lf": {
        "pull_up": 25e-6,
        "pull_down": 25e-6,
        "C": 16e-12,
        "C2": 1.6e-12,
        "R": 8400,
        "max_sat": "None",
        "min_sat": "None"
    }
}